zip_file,contents
biximontrealrentals2014-f040e0.zip,BixiMontrealRentals2014/
biximontrealrentals2014-f040e0.zip,BixiMontrealRentals2014/OD_2014-04.csv
biximontrealrentals2014-f040e0.zip,BixiMontrealRentals2014/OD_2014-05.csv
biximontrealrentals2014-f040e0.zip,BixiMontrealRentals2014/OD_2014-06.csv
biximontrealrentals2014-f040e0.zip,BixiMontrealRentals2014/OD_2014-07.csv
biximontrealrentals2014-f040e0.zip,BixiMontrealRentals2014/OD_2014-08.csv
biximontrealrentals2014-f040e0.zip,BixiMontrealRentals2014/OD_2014-09.csv
biximontrealrentals2014-f040e0.zip,BixiMontrealRentals2014/OD_2014-10.csv
biximontrealrentals2014-f040e0.zip,BixiMontrealRentals2014/OD_2014-11.csv
biximontrealrentals2014-f040e0.zip,BixiMontrealRentals2014/Stations_2014.csv
biximontrealrentals2015-69fdf0.zip,BixiMontrealRentals2015/
biximontrealrentals2015-69fdf0.zip,BixiMontrealRentals2015/OD_2015-04.csv
biximontrealrentals2015-69fdf0.zip,BixiMontrealRentals2015/OD_2015-05.csv
biximontrealrentals2015-69fdf0.zip,BixiMontrealRentals2015/OD_2015-06.csv
biximontrealrentals2015-69fdf0.zip,BixiMontrealRentals2015/OD_2015-07.csv
biximontrealrentals2015-69fdf0.zip,BixiMontrealRentals2015/OD_2015-08.csv
biximontrealrentals2015-69fdf0.zip,BixiMontrealRentals2015/OD_2015-09.csv
biximontrealrentals2015-69fdf0.zip,BixiMontrealRentals2015/OD_2015-10.csv
biximontrealrentals2015-69fdf0.zip,BixiMontrealRentals2015/OD_2015-11.csv
biximontrealrentals2015-69fdf0.zip,BixiMontrealRentals2015/Stations_2015.csv
biximontrealrentals2016-912f00.zip,BixiMontrealRentals2016/
biximontrealrentals2016-912f00.zip,BixiMontrealRentals2016/OD_2016-04.csv
biximontrealrentals2016-912f00.zip,BixiMontrealRentals2016/OD_2016-05.csv
biximontrealrentals2016-912f00.zip,BixiMontrealRentals2016/OD_2016-06.csv
biximontrealrentals2016-912f00.zip,BixiMontrealRentals2016/OD_2016-07.csv
biximontrealrentals2016-912f00.zip,BixiMontrealRentals2016/OD_2016-08.csv
biximontrealrentals2016-912f00.zip,BixiMontrealRentals2016/OD_2016-09.csv
biximontrealrentals2016-912f00.zip,BixiMontrealRentals2016/OD_2016-10.csv
biximontrealrentals2016-912f00.zip,BixiMontrealRentals2016/OD_2016-11.csv
biximontrealrentals2016-912f00.zip,BixiMontrealRentals2016/Stations_2016.csv
biximontrealrentals2017-d4d086.zip,2017/
biximontrealrentals2017-d4d086.zip,2017/OD_2017-04.csv
biximontrealrentals2017-d4d086.zip,2017/OD_2017-05.csv
biximontrealrentals2017-d4d086.zip,2017/OD_2017-06.csv
biximontrealrentals2017-d4d086.zip,2017/OD_2017-07.csv
biximontrealrentals2017-d4d086.zip,2017/OD_2017-08.csv
biximontrealrentals2017-d4d086.zip,2017/OD_2017-09.csv
biximontrealrentals2017-d4d086.zip,2017/OD_2017-10.csv
biximontrealrentals2017-d4d086.zip,2017/OD_2017-11.csv
biximontrealrentals2017-d4d086.zip,2017/Stations_2017.csv
biximontrealrentals2018-96034e.zip,OD_2018-04.csv
biximontrealrentals2018-96034e.zip,OD_2018-05.csv
biximontrealrentals2018-96034e.zip,OD_2018-06.csv
biximontrealrentals2018-96034e.zip,OD_2018-07.csv
biximontrealrentals2018-96034e.zip,OD_2018-08.csv
biximontrealrentals2018-96034e.zip,OD_2018-09.csv
biximontrealrentals2018-96034e.zip,OD_2018-10.csv
biximontrealrentals2018-96034e.zip,OD_2018-11.csv
biximontrealrentals2018-96034e.zip,Stations_2018.csv
biximontrealrentals2019-33ea73.zip,OD_2019-04.csv
biximontrealrentals2019-33ea73.zip,OD_2019-05.csv
biximontrealrentals2019-33ea73.zip,OD_2019-06.csv
biximontrealrentals2019-33ea73.zip,OD_2019-07.csv
biximontrealrentals2019-33ea73.zip,OD_2019-08.csv
biximontrealrentals2019-33ea73.zip,OD_2019-09.csv
biximontrealrentals2019-33ea73.zip,OD_2019-10.csv
biximontrealrentals2019-33ea73.zip,Stations_2019.csv
biximontrealrentals2020-8e67d9.zip,OD_2020.csv
biximontrealrentals2020-8e67d9.zip,stations.csv
2021-donnees-ouvertes-464ae6.zip,2021_donnees_ouvertes.csv
2021-donnees-ouvertes-464ae6.zip,2021_stations.csv
20220104-stations-f82036.zip,20220104_donnees_ouvertes.csv
20220104-stations-f82036.zip,20220104_stations.csv
20220105-donnees-ouvertes-0d544b.zip,20220105_donnees_ouvertes.csv
20220105-donnees-ouvertes-0d544b.zip,20220105_stations.csv
20220106-donnees-ouvertes-f45195.zip,20220106_donnees_ouvertes.csv
20220106-donnees-ouvertes-f45195.zip,20220106_stations.csv
20220107-donnees-ouvertes-8aa623.zip,20220107_donnees_ouvertes.csv
20220107-donnees-ouvertes-8aa623.zip,20220107_stations.csv
20220108-donnees-ouvertes-816bd4.zip,20220108_donnees_ouvertes.csv
20220108-donnees-ouvertes-816bd4.zip,20220108_stations.csv
20220109-donnees-ouvertes-519d43.zip,202209_deplacements.csv
20220109-donnees-ouvertes-519d43.zip,202209_stations.csv
20220110-donnees-ouvertes-5079e8.zip,202210_deplacements.csv
20220110-donnees-ouvertes-5079e8.zip,202210_stations.csv
20220111-donnees-ouvertes-e1c737.zip,202211_deplacements.csv
20220111-donnees-ouvertes-e1c737.zip,202211_stations.csv
